phase,caller_body,entries,true,false,same_address_as_previous_at_site,entry_share_percent,negative_percent
1,perry_runtime::object::native_call_method::primitive_methods::dispatch_primitive,174149,208,173941,83102,86.83440287604773,99.88056204744213
1,perry_runtime::symbol::get::heap_ptr_and_type_from_value_bits,10955,0,10955,6940,5.462396473750081,100.0
1,perry_runtime::typed_feedback::normalize_raw_object_addr,3305,130,3175,3044,1.6479434363983585,96.06656580937972
1,js_object_get_field_by_name,2385,0,2385,1699,1.1892118292920075,100.0
1,perry_runtime::closure::dynamic_props::is_closure_ptr,1728,96,1632,1582,0.8616176272606244,94.44444444444444
1,js_native_call_method,885,522,363,549,0.4412798611838267,41.016949152542374
1,js_object_get_field_ic_miss,657,114,543,361,0.32759420203138323,82.64840182648402
1,perry_runtime::native_handle::canonical::is_canonical_handle_addr,609,190,419,343,0.30366037905192145,68.80131362889983
1,perry_runtime::object::keys_lookup::keys_find_slot_by_key_ptr,516,0,516,402,0.25728859702921425,100.0
1,js_object_set_field_by_name,513,24,489,331,0.2557927330929979,95.32163742690058
1,<perry_runtime::gc::copying::CopyingNurseryCollector>::visit_slot_with_parent,441,441,0,194,0.21989199862380518,0.0
1,perry_runtime::gc::verify::remember_evacuated_old_to_young_slot,417,417,0,189,0.2079250871340743,0.0
1,perry_runtime::object::object_ops::extract_obj_ptr,381,81,300,306,0.18997471989947795,78.74015748031496
1,perry_runtime::native_handle::canonical::canonical_handle_value_with_policy,303,303,0,3,0.15108225755785254,0.0
1,js_is_symbol,285,12,273,242,0.14210707394055436,95.78947368421052
1,perry_runtime::object::native_call_method::handle_methods::dispatch_handle,257,136,121,190,0.128145677202535,47.08171206225681
1,perry_runtime::object::field_get_set::get_field_by_name_tail::get_field_by_name_object_tail,248,0,248,181,0.12365808539388591,100.0
1,perry_runtime::map::is_registered_map,209,0,209,149,0.1042118542230732,100.0
1,perry_runtime::set::is_registered_set,209,0,209,149,0.1042118542230732,100.0
1,js_object_get_class_id,180,0,180,123,0.0897518361729817,100.0
1,perry_runtime::object::class_handles::composite_handle_method_dispatch,136,136,0,106,0.0678124984418084,0.0
1,perry_runtime::object::interned_key_ptr,131,0,131,123,0.0653193918814478,100.0
1,perry_runtime::proxy::raw_ptr_from_value,127,12,115,70,0.06332490663315932,90.55118110236221
1,perry_runtime::closure::dynamic_props::scan_closure_owner,126,126,0,2,0.0628262853210872,0.0
1,js_for_of_next,122,0,122,73,0.06083180007279871,100.0
1,js_closure_call2,108,0,108,100,0.053851101703789025,100.0
1,js_native_call_value,108,0,108,103,0.053851101703789025,100.0
1,js_closure_call1,100,0,100,97,0.04986213120721206,100.0
1,perry_runtime::proxy::reflect_value_is_object,98,24,74,90,0.04886488858306782,75.51020408163265
1,perry_runtime::array::generic::classify_pointer,84,0,84,72,0.04188419021405813,100.0
1,perry_runtime::object::prototype_chain::object_set_static_prototype_impl,69,0,69,0,0.03440487053297632,100.0
1,js_array_length,66,0,66,65,0.03290900659675996,100.0
1,js_closure_call1_receiverless,62,0,62,13,0.030914521348471478,100.0
1,perry_runtime::object::native_module::class_id_from_method_receiver,60,60,0,30,0.029917278724327236,0.0
1,js_array_is_array,59,0,59,3,0.029418657412255116,100.0
1,js_closure_call0,53,0,53,28,0.02642692953982239,100.0
1,perry_runtime::timer::arg_to_timer_id,49,49,0,0,0.02443244429153391,0.0
1,perry_runtime::proxy::prototype_of_for_set,44,12,32,40,0.021939337731173306,72.72727272727273
1,perry_runtime::object::global_this::fetch_globals::global_this_fetch_option,39,0,39,36,0.019446231170812702,100.0
1,perry_runtime::object::descriptor_state::note_descriptor_target,38,0,38,22,0.018947609858740583,100.0
1,perry_runtime::array::iterator::is_builtin_iterator_class_id,31,0,31,14,0.015457260674235739,100.0
1,js_object_get_symbol_property,24,0,24,12,0.011966911489730895,100.0
1,perry_runtime::object::class_registry::parent_static::is_registered_class_prototype_object,19,0,19,14,0.009473804929370291,100.0
1,perry_runtime::closure::dispatch::direct::resolve_direct_func_ptr,15,0,15,0,0.007479319681081809,100.0
1,perry_runtime::array::iter_methods::resolve_callback_ptr,12,0,12,0,0.0059834557448654475,100.0
1,perry_runtime::object::class_handles::canonical_event_emitter_handle_probe,12,0,12,3,0.0059834557448654475,100.0
1,perry_runtime::object::class_handles::canonical_handle_prototype_dispatch,12,12,0,9,0.0059834557448654475,0.0
1,perry_runtime::object::class_handles::composite_handle_property_dispatch,12,12,0,3,0.0059834557448654475,0.0
1,perry_runtime::object::class_handles::composite_handle_property_set_dispatch,12,12,0,9,0.0059834557448654475,0.0
1,perry_runtime::text::is_known_text_decoder_id,12,12,0,3,0.0059834557448654475,0.0
1,perry_runtime::text::text_handle_property,12,12,0,3,0.0059834557448654475,0.0
1,js_canonical_handle_id_from_addr,9,9,0,6,0.004487591808649085,0.0
1,perry_runtime::closure::registry::closure_is_arrow,8,0,8,5,0.003988970496576965,100.0
1,perry_runtime::value::addr_class::try_read_tracked_gc_header,6,6,0,3,0.0029917278724327237,0.0
1,js_array_join,5,0,5,2,0.002493106560360603,100.0
1,js_array_map,5,0,5,0,0.002493106560360603,100.0
1,perry_runtime::json::stringify::ptr_is_tracked_heap_object,4,0,4,3,0.0019944852482884825,100.0
1,js_array_filter,3,0,3,0,0.0014958639362163619,100.0
1,perry_runtime::json::stringify::is_symbol_value,3,0,3,2,0.0014958639362163619,100.0
1,perry_runtime::native_handle::canonical::canonical_handle_parts_from_addr,3,0,3,0,0.0014958639362163619,100.0
1,perry_runtime::object::global_fetch::headers_init_json_ptr,3,0,3,0,0.0014958639362163619,100.0
1,perry_runtime::text::is_text_encoder_handle,3,3,0,0,0.0014958639362163619,0.0
1,js_object_set_prototype_of,2,0,2,0,0.0009972426241442412,100.0
1,js_value_is_promise,2,0,2,1,0.0009972426241442412,100.0
1,perry_runtime::json::stringify::is_closure_value,2,0,2,1,0.0009972426241442412,100.0
1,perry_runtime::set::is_string_like,2,0,2,0,0.0009972426241442412,100.0
1,js_array_includes_jsvalue,1,0,1,0,0.0004986213120721206,100.0
1,js_array_slice,1,0,1,0,0.0004986213120721206,100.0
1,perry_runtime::child_process::value_util::cp_value_to_string,1,0,1,0,0.0004986213120721206,100.0
1,perry_runtime::closure::registry::closure_is_bound_method,1,0,1,0,0.0004986213120721206,100.0
1,perry_runtime::json::raw_json::raw_json_text_bytes,1,0,1,0,0.0004986213120721206,100.0
1,perry_runtime::json::replacer::apply_to_json_keyed,1,0,1,0,0.0004986213120721206,100.0
1,perry_runtime::json::stringify::stringify_value,1,0,1,0,0.0004986213120721206,100.0
1,perry_runtime::object::class_registry::function_prototype::is_plain_async_function_value,1,0,1,0,0.0004986213120721206,100.0
1,perry_runtime::object::global_this::generator::closure_generator_kind,1,0,1,0,0.0004986213120721206,100.0
3,js_object_get_field_by_name,10133074,504,10132570,4686706,20.443676388145853,99.99502618849917
3,perry_runtime::closure::dynamic_props::is_closure_ptr,7002050,315,7001735,5089648,14.126773795752076,99.99550131747131
3,perry_runtime::object::object_ops::extract_obj_ptr,6664009,138,6663871,978138,13.444769419792204,99.9979291744654
3,perry_runtime::typed_feedback::normalize_raw_object_addr,4192338,507,4191831,2296173,8.458124492303778,99.98790650944652
3,perry_runtime::gc::trace::classifier_valid_object_start,3028217,21161,3007056,64146,6.109487444884136,99.30120595716886
3,perry_runtime::object::iterator_prototypes::prototype_next_is_canonical,2768524,0,2768524,2761007,5.585551702160185,100.0
3,perry_runtime::native_handle::canonical::is_canonical_handle_addr,1941076,1743,1939333,817871,3.9161590637546513,99.91020444330876
3,js_native_call_value,1673057,0,1673057,1568481,3.375425452031845,100.0
3,js_closure_call0,1614096,0,1614096,1545103,3.256470473165465,100.0
3,js_native_call_method,1268887,3789,1265098,644532,2.56000451601609,99.70139184970766
3,js_is_symbol,1264446,24,1264422,833013,2.5510447110408423,99.99810193555122
3,perry_runtime::object::field_get_set::get_field_by_name_tail::get_field_by_name_object_tail,1118486,63,1118423,507972,2.256567536038097,99.99436738591274
3,js_object_get_field_ic_miss,1115745,585,1115160,482947,2.2510375145480825,99.94756866488311
3,perry_runtime::object::keys_lookup::keys_find_slot_by_key_ptr,951995,0,951995,502020,1.9206686641322182,100.0
3,perry_runtime::object::native_call_method::primitive_methods::dispatch_primitive,594072,747,593325,154639,1.198551961552692,99.87425766573749
3,js_object_set_field_by_name,570324,0,570324,318647,1.1506399037836785,100.0
3,perry_runtime::map::is_registered_map,560652,0,560652,288634,1.1311264532723977,100.0
3,perry_runtime::set::is_registered_set,447460,0,447460,282221,0.9027593637073749,100.0
3,perry_runtime::object::native_call_method::handle_methods::dispatch_handle,384498,711,383787,206611,0.7757322885325129,99.81508356350358
3,js_for_of_next,316537,0,316537,261341,0.6386196323913675,100.0
3,perry_runtime::closure::registry::closure_is_arrow,161652,0,161652,98690,0.3261360940911468,100.0
3,js_object_get_class_id,159355,0,159355,111101,0.32150185134668735,100.0
3,perry_runtime::proxy::reflect_value_is_object,156871,0,156871,66704,0.31649033241885216,100.0
3,perry_runtime::proxy::raw_ptr_from_value,150429,0,150429,111987,0.3034934705295148,100.0
3,perry_runtime::proxy::prototype_of_for_set,103607,0,103607,17154,0.20902916326739818,100.0
3,js_closure_call2,103338,0,103338,32408,0.20848645046885242,100.0
3,js_closure_call1,102935,0,102935,47620,0.20767339003088237,100.0
3,js_object_get_symbol_property,99474,0,99474,89154,0.2006907543588866,100.0
3,perry_runtime::object::prototype_chain::object_set_static_prototype_impl,93589,0,93589,167,0.18881765094088745,100.0
3,js_closure_call1_receiverless,87201,0,87201,23634,0.17592973511519866,100.0
3,perry_runtime::object::interned_key_ptr,84286,0,84286,35608,0.17004866519787198,100.0
3,js_array_is_array,80918,0,80918,11188,0.16325365885771545,100.0
3,perry_runtime::array::iterator::is_builtin_iterator_class_id,80713,0,80713,60985,0.16284006731979025,100.0
3,perry_runtime::object::descriptor_state::class_instance_set_may_intercept,66131,0,66131,52295,0.13342059509527646,100.0
3,perry_runtime::object::descriptor_state::note_descriptor_target,42294,0,42294,28345,0.0853289780732126,100.0
3,perry_runtime::array::generic::classify_pointer,38993,12,38981,24029,0.07866914555276822,99.9692252455569
3,js_closure_call4,36890,0,36890,9933,0.07442630162956478,100.0
3,perry_runtime::object::class_registry::parent_static::is_registered_class_prototype_object,30996,0,30996,21438,0.06253504053429086,100.0
3,js_closure_call3,30268,0,30268,15189,0.06106628619473209,100.0
3,js_object_has_own,22904,0,22904,20471,0.04620927114457988,100.0
3,<perry_runtime::gc::copying::CopyingNurseryCollector>::visit_slot_with_parent,21958,21958,0,18266,0.044300697511032355,0.0
3,js_value_is_promise,21523,94,21429,9706,0.04342307644275204,99.56325791014264
3,perry_runtime::symbol::get::heap_ptr_and_type_from_value_bits,20652,0,20652,18748,0.041665816786494225,100.0
3,perry_runtime::gc::verify::remember_evacuated_old_to_young_slot,18070,18070,0,14558,0.03645658092833385,0.0
3,js_array_at,16376,0,16376,15375,0.033038902561283626,100.0
3,perry_runtime::node_stream::readwrite::object_ptr_from_value,13298,0,13298,12484,0.026828976933313972,100.0
3,perry_runtime::closure::dispatch::direct::resolve_direct_func_ptr,10943,0,10943,714,0.022077718046417116,100.0
3,perry_runtime::array::iter_methods::resolve_callback_ptr,9766,0,9766,21,0.019703097362817286,100.0
3,js_for_in_keys_stable_value,8266,0,8266,350,0.01667681781702311,100.0
3,js_array_length,6459,0,6459,6390,0.013031159724189724,100.0
3,js_array_map,6187,0,6187,249,0.01248239436655238,100.0
3,js_closure_call5,5749,0,5749,4464,0.01159872073918048,100.0
3,js_dynamic_object_get_property,4765,12,4753,144,0.0096134813571395,99.74816369359917
3,perry_runtime::closure::registry::closure_length,4301,0,4301,1715,0.008677352217640502,100.0
3,perry_runtime::json::stringify::stringify_value_depth,3355,0,3355,0,0.006768778584092975,100.0
3,js_array_join,3249,0,3249,1,0.006554921496190186,100.0
3,js_array_slice,2991,0,2991,4,0.006034401414313588,100.0
3,perry_runtime::json::stringify::stringify_object_inner,2976,0,2976,0,0.006004138618855646,100.0
3,perry_runtime::promise::assimilate::get_then_action,2495,12,2483,7,0.005033711644504313,99.5190380761523
3,perry_runtime::json::stringify::is_symbol_value,2444,0,2444,541,0.0049308181399473116,100.0
3,perry_runtime::json::stringify::ptr_is_tracked_heap_object,2243,0,2243,827,0.004525296680810892,100.0
3,perry_runtime::closure::registry::closure_is_bound_method,2026,0,2026,1510,0.004087494906519334,100.0
3,perry_runtime::object::class_registry::construct::bound_function_target_ptr,2022,0,2022,1528,0.00407942482773055,100.0
3,perry_runtime::object::class_registry::construct::extends_target_must_throw,1824,0,1824,1407,0.0036799559276857186,100.0
3,perry_runtime::set::is_string_like,1817,0,1817,285,0.003665833289805346,100.0
3,js_assimilate_thenable,1797,36,1761,29,0.0036254828958614234,97.9966611018364
3,js_closure_call6,1547,0,1547,968,0.003121102971562394,100.0
3,js_array_includes_jsvalue,1504,0,1504,69,0.003034349624582961,100.0
3,js_object_delete_field,1371,0,1371,203,0.0027660195048558774,100.0
3,perry_runtime::object::global_this::generator::closure_generator_kind,1297,0,1297,1097,0.0026167230472633647,100.0
3,perry_runtime::native_handle::canonical::canonical_handle_value_with_policy,1288,1288,0,127,0.0025985653699886,0.0
3,js_array_filter,1285,0,1285,113,0.0025925128108970114,100.0
3,perry_runtime::text::is_known_text_decoder_id,1044,1044,0,1005,0.002106290563872747,0.0
3,perry_runtime::object::global_this::generator::generator_function_proto_of,1032,0,1032,1030,0.0020820803275063936,100.0
3,perry_runtime::object::native_module::get_module_name_from_namespace,952,801,151,853,0.001920678751730704,15.861344537815127
3,perry_runtime::object::native_call_method::proto_dispatch::try_dispatch_instance_method_value,935,801,134,906,0.00188638091687837,14.331550802139038
3,js_text_decoder_decode_llvm,801,801,0,798,0.0016160332774540903,0.0
3,perry_runtime::object::class_handles::composite_handle_method_dispatch,759,735,24,468,0.0015312974501718534,3.1620553359683794
3,js_generator_attach_closure_prototype,669,0,669,261,0.0013497206774242027,100.0
3,js_array_indexOf_jsvalue,664,0,664,330,0.001339633078938222,100.0
3,perry_runtime::fs::dirent::options_object_ptr,663,0,663,525,0.001337615559241026,100.0
3,js_instanceof,642,36,606,49,0.0012952476455999075,94.39252336448598
3,perry_runtime::json::stringify::is_closure_value,604,0,604,199,0.0012185818971064551,100.0
3,js_array_some,587,0,587,53,0.001184284062254121,100.0
3,js_object_entries_value,573,0,573,17,0.0011560387864933755,100.0
3,perry_runtime::array::iterator::entries_array_for_small_handle_id,549,24,525,10,0.0011076183137606686,95.62841530054645
3,js_object_set_prototype_of,486,0,486,0,0.0009805145728373132,100.0
3,js_array_find,485,0,485,26,0.0009784970531401171,100.0
3,perry_runtime::node_inspector::is_callable_value,473,0,473,111,0.0009542868167737637,100.0
3,perry_runtime::object::native_module::class_id_from_method_receiver,368,30,338,173,0.0007424472485681713,91.84782608695652
3,js_object_has_property,334,0,334,7,0.0006738515788635033,100.0
3,perry_runtime::array::generic::non_array_object_receiver,317,0,317,42,0.0006395537440111694,100.0
3,perry_runtime::closure::dynamic_props::scan_closure_owner,312,312,0,8,0.0006294661455251888,0.0
3,js_closure_call_array,294,0,294,244,0.0005931507909756586,100.0
3,js_array_flatMap,289,0,289,216,0.000583063192489678,100.0
3,perry_runtime::promise::spec_combinators::perform,280,0,280,140,0.0005649055152149129,100.0
3,perry_runtime::json::raw_json::raw_json_text_bytes,254,0,254,10,0.0005124500030878139,100.0
3,perry_runtime::object::class_handles::canonical_event_emitter_handle_probe,252,0,252,237,0.0005084149636934216,100.0
3,perry_runtime::object::class_handles::composite_handle_property_dispatch,252,252,0,237,0.0005084149636934216,0.0
3,js_array_clone,243,0,243,3,0.0004902572864186566,100.0
3,perry_runtime::text::text_handle_property,240,240,0,225,0.00048420472732706827,0.0
3,perry_runtime::array::generic::as_real_array,207,0,207,192,0.00041762657731959636,100.0
3,perry_runtime::timer::arg_to_timer_id,195,195,0,63,0.00039341634095324296,0.0
3,perry_runtime::json::replacer::apply_to_json_keyed,189,0,189,10,0.00038131122277006624,100.0
3,perry_runtime::json::stringify::stringify_value,184,0,184,10,0.00037122362428408564,100.0
3,js_array_find_last,168,0,168,111,0.0003389433091289478,100.0
3,perry_runtime::promise::spec_combinators::is_callable,165,0,165,148,0.00033289075003735944,100.0
3,js_array_every,88,0,88,25,0.00017754173335325836,100.0
3,perry_runtime::object::instanceof::small_native_handle_id,86,24,62,0,0.00017350669395886612,72.09302325581395
3,js_validate_array_comparator,85,0,85,24,0.00017148917426167,100.0
3,js_object_values_value,83,0,83,57,0.00016745413486727776,100.0
3,perry_runtime::object::descriptors::js_object_get_own_property_names_shape,78,0,78,69,0.0001573665363812972,100.0
3,perry_runtime::promise::spec_combinators::is_object_value,76,0,76,74,0.00015333149698690496,100.0
3,js_array_forEach,55,0,55,0,0.00011096358334578647,100.0
3,perry_runtime::promise::then_probe::proto_signature,45,0,45,42,9.07883863738253e-05,100.0
3,perry_runtime::symbol::symbol_description_text,45,45,0,38,9.07883863738253e-05,0.0
3,perry_runtime::object::class_registry::function_prototype::is_plain_async_function_value,42,0,42,0,8.473582728223694e-05,100.0
3,perry_runtime::json::raw_json::ptr_is_raw_json_wrapper,36,0,36,0,7.263070909906023e-05,100.0
3,js_jsvalue_to_string,34,0,34,8,6.8595669704668e-05,100.0
3,js_closure_call9,31,0,31,27,6.254311061307965e-05,100.0
3,perry_runtime::gc::barrier::write_barrier_decoded_parent,30,30,0,0,6.0525590915883534e-05,0.0
3,perry_runtime::json::replacer::stringify_value_pretty,26,0,26,0,5.245551212709906e-05,100.0
3,perry_runtime::value::to_string::to_string_method_impl,25,0,25,8,5.0437992429902945e-05,100.0
3,js_array_reduce,24,0,24,0,4.842047273270682e-05,100.0
3,perry_runtime::object::class_handles::canonical_fetch_handle_kind_probe,24,24,0,0,4.842047273270682e-05,0.0
3,perry_runtime::object::class_registry::parent_static::class_object_own_field_bytes,24,0,24,21,4.842047273270682e-05,100.0
3,perry_runtime::object::global_fetch::headers_init_json_ptr,24,24,0,0,4.842047273270682e-05,0.0
3,perry_runtime::value::addr_class::try_read_tracked_gc_header,24,24,0,0,4.842047273270682e-05,0.0
3,js_class_method_snapshot_bind,23,0,23,21,4.6402953035510705e-05,100.0
3,js_object_set_method_by_name,23,0,23,0,4.6402953035510705e-05,100.0
3,js_closure_call14,14,0,14,13,2.8245275760745647e-05,100.0
3,perry_runtime::url::abort::abort_signal_ptr_from_value,14,0,14,0,2.8245275760745647e-05,100.0
3,perry_runtime::object::class_handles::canonical_handle_prototype_dispatch,12,12,0,0,2.421023636635341e-05,0.0
3,perry_runtime::promise::then_probe::own_then_scan,10,0,10,1,2.0175196971961178e-05,100.0
3,js_array_findIndex,6,0,6,0,1.2105118183176705e-05,100.0
3,js_closure_call7,6,0,6,5,1.2105118183176705e-05,100.0
3,perry_runtime::promise::combinators::combinator_iterable_to_array,6,0,6,3,1.2105118183176705e-05,100.0
3,js_fetch_input_ptr,4,0,4,0,8.07007878878447e-06,100.0
3,js_object_freeze,4,0,4,0,8.07007878878447e-06,100.0
3,js_error_subclass_capture_stack,3,0,3,0,6.052559091588353e-06,100.0
3,js_object_define_properties,3,0,3,0,6.052559091588353e-06,100.0
3,js_object_get_own_property_descriptor,3,0,3,2,6.052559091588353e-06,100.0
3,js_closure_call8,2,0,2,0,4.035039394392235e-06,100.0
3,perry_runtime::object::date_proto_thunks::date_to_json_value,1,0,1,0,2.0175196971961177e-06,100.0
