phase,symbol,linked_ip,symbol_offset,instruction,samples,period,phase_percent,focus_region
command,js_native_call_method,0x11858230,0,push %rbp,2,9418305,0.04977721582893313,
command,js_native_call_method,0x11858236,6,push %r14,1,5267752,0.027840893689182307,
command,js_native_call_method,0x1185823d,13,"sub $0x138,%rsp",1,5269075,0.027847885951223266,
command,js_native_call_method,0x1185824a,26,"mov %rsi,%r8",2,10277262,0.05431693799515868,
command,js_native_call_method,0x1185825f,47,"test %rdi,%rdi",1,5251416,0.027754555372703764,
command,js_native_call_method,0x11858266,54,"mov %r8,-0x50(%rbp)",1,5220793,0.02759270802540195,
command,js_native_call_method,0x1185826a,58,"mov %rdi,-0x58(%rbp)",2,10547505,0.05574521454144364,
command,js_native_call_method,0x11858274,68,"test %r12,%r12",1,5237250,0.02767968584581621,
command,js_native_call_method,0x11858294,100,"mov %rbx,%rax",1,5237442,0.027680700595862973,
command,js_native_call_method,0x118582b3,131,"movabs $0x7ffd000000000000,%rcx",3,15166164,0.08015555014676164,
command,js_native_call_method,0x118582bd,141,"cmp %rcx,%rax",1,5237802,0.02768260325220065,
command,js_native_call_method,0x118582d6,166,jne 1185844d <js_native_call_method+0x21d>,1,5249843,0.027746241821539418,
command,js_native_call_method,0x11858312,226,jne 1185844d <js_native_call_method+0x21d>,1,5044937,0.026663281545073178,
command,js_native_call_method,0x11858323,243,"movabs $0x5845474552595250,%rax",1,5307925,0.028053214280997472,
command,js_native_call_method,0x11858331,257,jne 1185844d <js_native_call_method+0x21d>,1,5236830,0.027677466080088923,
command,js_native_call_method,0x11858343,275,"mov $0x1,%edi",1,4655327,0.024604131723623284,
command,js_native_call_method,0x11858374,324,je 1185844d <js_native_call_method+0x21d>,1,5265370,0.027828304446414685,
command,js_native_call_method,0x118583bb,395,"cmpb $0x0,-0xa8(%rbp)",1,4152244,0.02194525933938141,
command,js_native_call_method,0x118583c2,402,jne 1185844d <js_native_call_method+0x21d>,2,10301110,0.05444297840721673,
command,js_native_call_method,0x118583cd,413,"mov -0x58(%rbp),%rsi",6,31133096,0.16454328448854597,
command,js_native_call_method,0x118583d1,417,"mov -0x50(%rbp),%r8",4,20947527,0.11071095834774985,
command,js_native_call_method,0x118583d5,421,"movabs $0xffffffffffff,%rcx",3,14441093,0.0763234364428308,
command,js_native_call_method,0x118583e3,435,"test %al,%al",1,5227933,0.027630444042765857,
command,js_native_call_method,0x118583ee,446,"cmp $0x300,%r13d",1,5193891,0.027450526745412613,
command,js_native_call_method,0x11858404,468,"lea -0x3e1a8(%rax),%rax",2,10344999,0.05467493864056191,
command,js_native_call_method,0x1185840b,475,"cmpq $0x0,0x78(%rax)",4,21001330,0.11099531562257203,
command,js_native_call_method,0x11858416,486,"mov 0x1e8(%rax,%r13,8),%rax",2,10284955,0.05435759670406352,
command,js_native_call_method,0x11858425,501,"movabs $0xffffffffffff,%rcx",1,5285656,0.027935519131042728,
command,js_native_call_method,0x11858437,519,je 1185be41 <js_native_call_method+0x3c11>,2,10563772,0.05583118818212413,
command,js_native_call_method,0x11858440,528,"cmp $0x1ff,%r13d",7,36816925,0.1945832102360928,
command,js_native_call_method,0x11858451,545,"cmp %rcx,%rax",1,5229877,0.027640718386989307,
command,js_native_call_method,0x11858454,548,jae 11858573 <js_native_call_method+0x343>,1,5234389,0.02766456501308818,
command,js_native_call_method,0x11858578,840,"lea -0x1(%r14),%rax",1,5317097,0.028101689736356263,
command,js_native_call_method,0x118589dd,1965,"cmpl $0x1,-0xa8(%rbp)",1,5241497,0.027702131905444294,
command,js_native_call_method,0x118589f1,1985,"mov -0x98(%rbp),%esi",1,5255774,0.02777758808470263,
command,js_native_call_method,0x11858a04,2004,call 116f2760 <_RNvNtNtNtCscI5nJwKNRh4_13perry_runtime6object14class_registry8dispatch22obj_dispatch_ic_lookup>,1,5308598,0.028056771191317626,
command,js_native_call_method,0x11858a12,2018,je 11858d0f <js_native_call_method+0xadf>,1,5234301,0.02766409991931675,
command,js_native_call_method,0x11858aa5,2165,"mov %r15,%rdi",1,5241039,0.02769971130377025,
command,js_native_call_method,0x11858dae,2942,jne 11859368 <js_native_call_method+0x1138>,1,5316909,0.028100696126935477,
command,js_native_call_method,0x11858ef4,3268,"movzwl 0xe(%rdx),%edx",1,5215403,0.02756422103190174,
command,js_native_call_method,0x11858ef8,3272,"mov %rcx,(%rax)",1,5315103,0.028091151134308136,
command,js_native_call_method,0x11858f0e,3294,"movabs $0x7fffffffffffffff,%rdx",4,21037732,0.11118770588925003,
command,js_native_call_method,0x11858f78,3400,"mov %r13,%rcx",1,5176655,0.027359431788089878,
command,js_native_call_method,0x11858fa2,3442,"mov (%rcx,%rsi,8),%rsi",1,5150572,0.027221579051268756,
command,js_native_call_method,0x11858fa6,3446,"bt %rdx,%rsi",1,5279060,0.02790065823881131,
command,js_native_call_method,0x11858faa,3450,jae 1185901b <js_native_call_method+0xdeb>,1,5253117,0.02776354542389928,
command,js_native_call_method,0x11858fca,3482,"shr $0x22,%rdx",1,5226752,0.02762420227294698,
command,js_native_call_method,0x11858ff6,3526,"test %al,%al",1,3648093,0.01928074240800443,
command,js_native_call_method,0x11859021,3569,"cmp 0x3acae38(%rip),%r13        # 15323e60 <_GLOBAL_OFFSET_TABLE_+0xcde0>",1,5186997,0.027414090876546116,
command,js_native_call_method,0x1185921b,4075,"test $0x1,%al",1,5241012,0.027699568604544925,
command,js_native_call_method,0x11859558,4904,"movabs $0x7fffffffffffffff,%rdx",1,5238104,0.027684199369461697,
command,js_native_call_method,0x118595f2,5058,"shr $0x32,%rsi",1,5241787,0.027703664600827422,
command,js_native_call_method,0x1185967c,5196,"mov %r14,%rcx",1,5303887,0.02803187281907654,
command,js_native_call_method,0x11859ada,6314,"cmp $0x17,%rax",1,5281302,0.027912507559669834,
command,js_native_call_method,0x11859af5,6341,jmp *%rax,1,5280979,0.02791080045412242,
command,js_native_call_method,0x11859b44,6420,jne 11859eb7 <js_native_call_method+0x1c87>,1,5276153,0.027885294288884574,
command,js_native_call_method,0x11859e10,7136,jne 1185b727 <js_native_call_method+0x34f7>,1,5271823,0.027862409561267527,
command,js_native_call_method,0x1185a011,7649,"xor (%rbx),%rax",1,4984296,0.026342784370148142,
command,js_native_call_method,0x1185a8e0,9904,jae 1185b714 <js_native_call_method+0x34e4>,1,5232519,0.027654681770445253,
command,js_native_call_method,0x1185a931,9985,"movabs $0x7fffffffffffffff,%rsi",1,5335594,0.028199449276017356,
command,js_native_call_method,0x1185aa70,10304,"shr $0x22,%rdx",1,5240361,0.027696127967667628,
command,js_native_call_method,0x1185ab52,10530,"cmp %rdx,%rcx",1,5243948,0.027715085824009972,
command,js_native_call_method,0x1185ac21,10737,jae 1185b714 <js_native_call_method+0x34e4>,1,5257619,0.02778733919843322,
command,js_native_call_method,0x1185ac52,10786,"mov %r14,%rax",2,10602657,0.056036701492375614,
command,js_native_call_method,0x1185ae92,11362,jne 1185b727 <js_native_call_method+0x34f7>,1,5280264,0.027907021567229535,
command,js_native_call_method,0x1185b170,12096,"movabs $0x7fffffffffffffff,%rdx",1,5002379,0.02643835585502091,
command,js_native_call_method,0x1185b17d,12109,jae 1185b714 <js_native_call_method+0x34e4>,1,5237600,0.02768153565058895,
command,js_native_call_method,0x1185b1aa,12154,"cmpq $0x0,(%rdx,%r15,8)",1,5112178,0.027018660752855608,
command,js_native_call_method,0x1185b26c,12348,call 1170c0d0 <_RNvNtNtNtCscI5nJwKNRh4_13perry_runtime6object18native_call_method14handle_methods15dispatch_handle>,1,5350118,0.028276210888929596,
command,js_native_call_method,0x1185b49b,12907,"test %rax,%rax",1,5259111,0.02779522465192159,
command,js_native_call_method,0x1185b4d4,12964,"mov -0xd0(%rbp),%rdi",1,5258542,0.02779221739787676,
command,js_native_call_method,0x1185b4db,12971,call *0x3ad690f(%rip)        # 15331df0 <_GLOBAL_OFFSET_TABLE_+0x1ad70>,1,5257503,0.027786726120279968,
command,js_native_call_method,0x1185b641,13329,"lea -0x108(%rbp),%rdi",1,5250972,0.02775220876322063,
command,js_native_call_method,0x1185b6f2,13506,jmp 1185b466 <js_native_call_method+0x3236>,1,5010466,0.026481096915584205,
command,js_native_call_method,0x1185be7d,15437,"and %rdx,%rbx",1,4894886,0.025870238528060325,
command,js_native_call_method,0x1185be86,15446,call *0x3acb6fc(%rip)        # 15327588 <_GLOBAL_OFFSET_TABLE_+0x10508>,8,40706997,0.21514284952724863,
command,js_object_get_field_by_name,0x1188ae20,0,push %rbp,3,15725103,0.08310963023210693,
command,js_object_get_field_by_name,0x1188ae21,1,"mov %rsp,%rbp",1,5119070,0.027055086051409116,
command,js_object_get_field_by_name,0x1188af48,296,"mov %rax,-0x90(%rbp)",1,5236381,0.02767509304482332,
command,js_object_get_field_by_name,0x1188af93,371,"movabs $0xffff000000000000,%rcx",1,5274510,0.027876610776765683,
command,js_object_get_field_by_name,0x1188afa3,387,"mov %r14,%r13",1,5254826,0.02777257775634675,
command,js_object_get_field_by_name,0x1188afd7,439,"mov 0x8(%rbx),%rax",1,5103698,0.026973842625790348,
command,js_object_get_field_by_name,0x1188afe4,452,"test %r15,%r15",1,5245926,0.027725539863554204,
command,js_object_get_field_by_name,0x1188b072,594,"movslq (%rdx,%rcx,4),%rcx",1,5274620,0.027877192143979972,
command,js_object_get_field_by_name,0x1188b0bb,667,"cmp $0xf0000,%rax",1,5248494,0.027739112145429626,
command,js_object_get_field_by_name,0x1188b0f1,721,jb 1188b105 <js_object_get_field_by_name+0x2e5>,1,5236720,0.027676884712874633,
command,js_object_get_field_by_name,0x1188b16e,846,"bt %rcx,%rdx",1,5270595,0.027855919389093455,
command,js_object_get_field_by_name,0x1188b263,1091,"mov (%rcx,%rax,8),%rax",1,5305509,0.02804044534290907,
command,js_object_get_field_by_name,0x1188b2ed,1229,"mov %r13,%rsi",1,5217839,0.027577095673120017,
command,js_object_get_field_by_name,0x1188b523,1795,"cmp 0x10(%rax),%rdi",1,5320799,0.028121255385695366,
command,js_object_get_field_by_name,0x1188b643,2083,"mov %r12,%rbx",1,5230173,0.027642282793311396,
command,js_object_get_field_by_name,0x1188b670,2128,jae 1188b700 <js_object_get_field_by_name+0x8e0>,1,5325773,0.028147543754094256,
command,js_object_get_field_by_name,0x1188b684,2148,"and $0xf,%ecx",1,5261434,0.027807502070456094,
command,js_object_get_field_by_name,0x1188b72e,2318,je 1188b7b0 <js_object_get_field_by_name+0x990>,1,5224670,0.02761319857712742,
command,js_object_get_field_by_name,0x1188b73b,2331,"mov %r12,%rcx",1,5179745,0.02737576292165493,
command,js_object_get_field_by_name,0x1188b75a,2362,"and $0xf,%r12d",1,5119374,0.027056692738983153,
command,js_object_get_field_by_name,0x1188ba77,3159,"mov %rax,-0x40(%rbp)",1,5246601,0.027729107344187345,
command,js_object_get_field_by_name,0x1188ba82,3170,jb 1188c401 <js_object_get_field_by_name+0x15e1>,1,5230015,0.027641447738585415,
command,js_object_get_field_by_name,0x1188ba8d,3181,jne 1188c401 <js_object_get_field_by_name+0x15e1>,1,5256911,0.027783597307635792,
command,js_object_get_field_by_name,0x1188bab6,3222,"shr $0x36,%rcx",1,5214142,0.027557556449563383,
command,js_object_get_field_by_name,0x1188bae9,3273,"mov %r12,%rcx",1,5298702,0.028004469282657513,
command,js_object_get_field_by_name,0x1188bc25,3589,"cmp $0xfffffffe,%eax",1,5228652,0.027634244070284714,
command,js_object_get_field_by_name,0x1188bf91,4465,"bt %rax,%rcx",1,5272341,0.027865147272331182,
command,js_object_get_field_by_name,0x1188c043,4643,jne 1188c120 <js_object_get_field_by_name+0x1300>,1,5306716,0.028046824526796778,
command,js_object_get_field_by_name,0x1188c049,4649,"mov (%rax),%r15d",1,5248848,0.02774098309082834,
command,js_object_get_field_by_name,0x1188c098,4728,jne 1188c120 <js_object_get_field_by_name+0x1300>,1,5257008,0.027784109967815666,
command,js_object_get_field_by_name,0x1188c138,4888,"shr $0x2c,%rax",1,5221363,0.027595720564603268,
command,js_object_get_field_by_name,0x1188c151,4913,"bt %rax,%rcx",1,5217706,0.027576392747306375,
command,js_object_get_field_by_name,0x1188c186,4966,"lea (%r14,%rcx,1),%rax",1,5320408,0.02811918888950639,
command,js_object_get_field_by_name,0x1188c1d4,5044,"mov 0x4(%rax),%edx",1,5247333,0.02773297607874062,
command,js_object_get_field_by_name,0x1188c1e9,5065,"mov -0x50(%rbp),%rbx",1,5344658,0.028247353934474844,
command,js_object_get_field_by_name,0x1188c21f,5119,jne 1188c340 <js_object_get_field_by_name+0x1520>,2,10454841,0.05525547080012583,
command,js_object_get_field_by_name,0x1188c358,5432,"shr $0x2c,%rax",1,4994195,0.02639510213427774,
command,js_object_get_field_by_name,0x1188c3c1,5537,"test %al,%al",1,5188129,0.02742007367369681,
command,js_object_get_field_by_name,0x1188c3fb,5595,jne 1188da6f <js_object_get_field_by_name+0x2c4f>,1,5251709,0.02775610392355637,
command,js_object_get_field_by_name,0x1188cce0,7872,je 1188cd10 <js_object_get_field_by_name+0x1ef0>,1,5279725,0.027904172867879516,
command,js_object_get_field_by_name,0x1188cd35,7957,"and %rcx,%rax",1,5259198,0.027795684460536527,
command,js_object_get_field_by_name,0x1188cd81,8033,"lea -0x58(%rbp),%rdi",1,5232523,0.027654702911071225,
command,js_object_get_field_by_name,0x1188ce0b,8171,"mov %rax,%rcx",2,10199729,0.05390716395674469,
command,js_object_get_field_by_name,0x1188cece,8366,jne 1188d855 <js_object_get_field_by_name+0x2a35>,1,5227467,0.027627981159839863,
command,js_object_get_field_by_name,0x1188cf66,8518,"add $0x100000,%rdx",1,5344517,0.028246608727409254,
command,js_object_get_field_by_name,0x1188cf82,8546,jne 1188d35b <js_object_get_field_by_name+0x253b>,1,5254248,0.027769522935893482,
command,js_object_get_field_by_name,0x1188d368,9544,je 1188d394 <js_object_get_field_by_name+0x2574>,1,5249189,0.02774278532919264,
command,js_object_get_field_by_name,0x1188d394,9588,"test %r15,%r15",1,5231925,0.027651542387488088,
command,js_object_get_field_by_name,0x1188d538,10008,je 1188d561 <js_object_get_field_by_name+0x2741>,1,5018143,0.026521671061985146,
command,js_object_get_field_by_name,0x1188d587,10087,jne 1188d88f <js_object_get_field_by_name+0x2a6f>,1,5272938,0.02786830251075783,
command,js_object_get_field_by_name,0x1188d8b8,10904,sets %bl,1,5273333,0.02787039014757278,
command,js_object_get_field_by_name,0x1188d8c1,10913,"movabs $0xffffffffffffe,%rcx",1,5247056,0.02773151209039191,
command,js_object_get_field_by_name,0x1188d983,11107,"cmpq $0x0,-0x40(%rbp)",1,5237931,0.027683285037388313,
command,js_object_get_field_by_name,0x1188d9a7,11143,je 1188d9c5 <js_object_get_field_by_name+0x2ba5>,1,5170207,0.027325353099019505,
command,perry_runtime::buffer::header::is_registered_buffer,0x1150edd0,0,push %rbp,3,15735588,0.08316504509794174,
command,perry_runtime::buffer::header::is_registered_buffer,0x1150eddb,11,"lea 0x58e5f42(%rip),%rax        # 16df4d24 <_RNvNtNtCscI5nJwKNRh4_13perry_runtime6buffer6header27BUFFER_LIKE_EVER_REGISTERED>",1,5246318,0.027727611644899675,
command,perry_runtime::buffer::header::is_registered_buffer,0x1150ede2,18,"movzbl (%rax),%eax",5,26180848,0.13836987881370294,
command,perry_runtime::buffer::header::is_registered_buffer,0x1150ee07,55,"lea 0x3e408f2(%rip),%r15        # 1534f700 <_RNvNtCscI5nJwKNRh4_13perry_runtime8hot_diag11BUFFER_SINK>",1,5243333,0.027711835452766443,
command,perry_runtime::buffer::header::is_registered_buffer,0x1150ee27,87,jne 1150eeb5 <_RNvNtNtCscI5nJwKNRh4_13perry_runtime6buffer6header20is_registered_buffer.llvm.4573768808118376784+0xe5>,1,5255875,0.02777812188550848,
command,perry_runtime::buffer::header::is_registered_buffer,0x1150ee36,102,je 1150eecf <_RNvNtNtCscI5nJwKNRh4_13perry_runtime6buffer6header20is_registered_buffer.llvm.4573768808118376784+0xff>,2,10465865,0.05531373436531067,
command,perry_runtime::buffer::header::is_registered_buffer,0x1150ee4d,125,"imul %rcx,%rax",1,5060598,0.026746052380918577,
command,perry_runtime::buffer::header::is_registered_buffer,0x1150ee54,132,"shr $0x36,%rcx",2,10543097,0.055721917571620094,
command,perry_runtime::buffer::header::is_registered_buffer,0x1150ee66,150,"mov (%rdx,%rsi,8),%rsi",1,5315254,0.02809194919293866,
command,perry_runtime::buffer::header::is_registered_buffer,0x1150ee6a,154,"bt %rcx,%rsi",2,10539612,0.05570349880124009,
command,perry_runtime::buffer::header::is_registered_buffer,0x1150ee70,160,"mov %rax,%rcx",1,5163931,0.02729218345686602,
command,perry_runtime::buffer::header::is_registered_buffer,0x1150ee7e,174,"and $0xf,%esi",1,5314528,0.028088112169324348,
command,perry_runtime::buffer::header::is_registered_buffer,0x1150ee85,181,"bt %rcx,%rsi",1,5299350,0.028007894064065328,
command,perry_runtime::buffer::header::is_registered_buffer,0x1150ee89,185,jae 1150ee05 <_RNvNtNtCscI5nJwKNRh4_13perry_runtime6buffer6header20is_registered_buffer.llvm.4573768808118376784+0x35>,2,10465839,0.055313596951241835,
command,perry_runtime::buffer::header::is_registered_buffer,0x1150ee8f,191,"mov %rax,%rcx",2,10584241,0.05593937005039049,
command,perry_runtime::buffer::header::is_registered_buffer,0x1150ee9a,202,"and $0xf,%eax",1,5198979,0.02747741762165177,
command,perry_runtime::buffer::header::is_registered_buffer,0x1150ef93,451,"test %eax,%eax",1,5142853,0.027180782928295087,
command,perry_runtime::buffer::header::is_registered_buffer,0x1150efeb,539,pop %rbx,4,21161782,0.11184332955227425,
command,perry_runtime::buffer::header::is_registered_buffer_slow,0x1150f931,1,"mov %rsp,%rbp",3,15554913,0.08221014944847059,
command,perry_runtime::buffer::header::is_registered_buffer_slow,0x1150f941,17,"mov 0x3e42141(%rip),%eax        # 15351a88 <_RNvNvNtNtCscI5nJwKNRh4_13perry_runtime6buffer6header27buffer_range_filter_enabled6CACHED>",3,12863133,0.06798367090227724,
command,perry_runtime::buffer::header::is_registered_buffer_slow,0x1150f980,80,je 1150fbf5 <_RNvNtNtCscI5nJwKNRh4_13perry_runtime6buffer6header25is_registered_buffer_slow+0x2c5>,1,5315465,0.0280930643609588,
command,perry_runtime::buffer::header::is_registered_buffer_slow,0x1150f986,86,"mov 0x1e8(%rax,%r15,8),%rax",3,15645964,0.08269136823236431,
command,perry_runtime::buffer::header::is_registered_buffer_slow,0x1150f9a9,121,jb 1150fa7c <_RNvNtNtCscI5nJwKNRh4_13perry_runtime6buffer6header25is_registered_buffer_slow+0x14c>,2,10510617,0.05555025568870977,
command,perry_runtime::buffer::header::is_registered_buffer_slow,0x1150f9af,127,"cmp 0x8(%rax),%rbx",1,5241236,0.02770075247959948,
command,perry_runtime::buffer::header::is_registered_buffer_slow,0x1150f9bd,141,"cmp %r15,%rcx",3,15456632,0.08169071898312853,
command,perry_runtime::buffer::header::is_registered_buffer_slow,0x1150f9d3,163,je 1150fa78 <_RNvNtNtCscI5nJwKNRh4_13perry_runtime6buffer6header25is_registered_buffer_slow+0x148>,1,4332423,0.022897533551231773,
command,perry_runtime::buffer::header::is_registered_buffer_slow,0x1150f9ea,186,"shr $0x20,%rdx",2,10078320,0.05326549839201994,
command,perry_runtime::buffer::header::is_registered_buffer_slow,0x1150fa0b,219,"pshufd $0x44,%xmm0,%xmm0",2,10478677,0.05538144779030596,
command,perry_runtime::buffer::header::is_registered_buffer_slow,0x1150fa1f,239,"movdqa %xmm2,%xmm3",7,36980473,0.19544758701029902,
command,perry_runtime::buffer::header::is_registered_buffer_slow,0x1150fa27,247,"pmovmskb %xmm3,%r9d",5,25775154,0.13622572253521087,
command,perry_runtime::buffer::header::is_registered_buffer_slow,0x1150fa2f,255,je 1150fa5d <_RNvNtNtCscI5nJwKNRh4_13perry_runtime6buffer6header25is_registered_buffer_slow+0x12d>,4,21016386,0.11107488893873883,
command,perry_runtime::buffer::header::is_registered_buffer_slow,0x1150fa36,262,"add %rdx,%r10",1,5264708,0.027824805672815957,
command,perry_runtime::buffer::header::is_registered_buffer_slow,0x1150fa3c,268,"shl $0x3,%r10",1,5241557,0.02770244901483391,
command,perry_runtime::buffer::header::is_registered_buffer_slow,0x1150fa40,272,"mov %rsi,%r11",1,5242130,0.027705477409504707,
command,perry_runtime::buffer::header::is_registered_buffer_slow,0x1150fa4a,282,je 1150fb11 <_RNvNtNtCscI5nJwKNRh4_13perry_runtime6buffer6header25is_registered_buffer_slow+0x1e1>,1,5263690,0.027819425383505528,
command,perry_runtime::buffer::header::is_registered_buffer_slow,0x1150fa61,305,"pmovmskb %xmm2,%r9d",1,5233618,0.027660490157431657,
command,perry_runtime::buffer::header::is_registered_buffer_slow,0x1150fa69,313,jne 1150fa78 <_RNvNtNtCscI5nJwKNRh4_13perry_runtime6buffer6header25is_registered_buffer_slow+0x148>,1,5325797,0.0281476705978501,
command,perry_runtime::buffer::header::is_registered_buffer_slow,0x1150fa6e,318,"add $0x10,%rdx",3,15697784,0.08296524504185979,
command,perry_runtime::buffer::header::is_registered_buffer_slow,0x1150fa7c,332,"lea 0x58e529f(%rip),%rax        # 16df4d22 <_RNvNtNtCscI5nJwKNRh4_13perry_runtime6buffer6header25EXTERNAL_BUFFERS_NONEMPTY>",1,5232115,0.02765254656722186,
command,perry_runtime::buffer::header::is_registered_buffer_slow,0x1150fd31,1025,pop %r13,1,4729435,0.024995804101046883,
command,perry_runtime::buffer::header::is_registered_buffer_slow,0x1150fd35,1029,pop %r15,1,5314420,0.028087541372423044,
command,perry_runtime::buffer::header::is_registered_buffer_slow,0x1150fd37,1031,pop %rbp,1,5091402,0.026908856341545724,
command,perry_runtime::closure::dynamic_props::is_closure_ptr,0x115933c0,0,push %rbp,5,26338780,0.13920457414904142,
command,perry_runtime::closure::dynamic_props::is_closure_ptr,0x115933c1,1,"mov %rsp,%rbp",6,29470572,0.15575658497427228,
command,perry_runtime::closure::dynamic_props::is_closure_ptr,0x115933d7,23,"shr $0x3,%rcx",1,5266371,0.027833594888064722,
command,perry_runtime::closure::dynamic_props::is_closure_ptr,0x115933ec,44,"shr $0x36,%rdx",2,9970945,0.05269800471352559,
command,perry_runtime::closure::dynamic_props::is_closure_ptr,0x11593402,66,"bt %rdx,%rsi",7,35174148,0.18590087670709715,
command,perry_runtime::closure::dynamic_props::is_closure_ptr,0x11593406,70,jae 1159347d <_RNvNtNtCscI5nJwKNRh4_13perry_runtime7closure13dynamic_props14is_closure_ptr+0xbd>,1,5277351,0.02789162590636384,
command,perry_runtime::closure::dynamic_props::is_closure_ptr,0x11593412,82,"shr $0x32,%rsi",4,20699727,0.10940129656864951,
command,perry_runtime::closure::dynamic_props::is_closure_ptr,0x1159341d,93,"bt %rdx,%rsi",1,5233845,0.02766168988795569,
command,perry_runtime::closure::dynamic_props::is_closure_ptr,0x1159342e,110,"and $0xf,%eax",1,5189966,0.027429782506175452,
command,perry_runtime::closure::dynamic_props::is_closure_ptr,0x1159344f,143,"mov %rbx,%rdi",2,10556757,0.055794112809321915,
command,perry_runtime::closure::dynamic_props::is_closure_ptr,0x11593458,152,"mov %r14,%rdi",3,15384621,0.0813101295788719,
command,perry_runtime::closure::dynamic_props::is_closure_ptr,0x1159349d,221,"mov %rdi,%rbx",2,8943015,0.04726523379911634,
command,perry_runtime::closure::dynamic_props::is_closure_ptr,0x115934a9,233,"lea -0x3e1a8(%rax),%rax",1,5260074,0.027800314257624872,
command,perry_runtime::closure::dynamic_props::is_closure_ptr,0x115934bb,251,"mov %rbx,%rdx",1,4695543,0.024816679577167673,
command,perry_runtime::closure::dynamic_props::is_closure_ptr,0x115934c5,261,"mov 0x10(%rax),%rax",1,5292761,0.027973070167929364,
command,perry_runtime::closure::dynamic_props::is_closure_ptr,0x115935f0,560,"test %cl,%cl",1,5232709,0.027655685950179025,
command,perry_runtime::closure::dynamic_props::is_closure_ptr,0x11593603,579,pop %r14,4,21042426,0.11121251441383073,
command,perry_runtime::closure::dynamic_props::is_closure_ptr,0x11593606,582,ret ,1,5156620,0.027253543677741715,
command,perry_runtime::gc::malloc::gc_malloc_header_is_tracked,0x113cdbb0,0,push %rbp,19,96209143,0.5084803768648065,entry_return
command,perry_runtime::gc::malloc::gc_malloc_header_is_tracked,0x113cdbb1,1,"mov %rsp,%rbp",13,68410627,0.36156086951650435,entry_return
command,perry_runtime::gc::malloc::gc_malloc_header_is_tracked,0x113cdbb6,6,push %r14,1,5342503,0.028235964422231256,entry_return
command,perry_runtime::gc::malloc::gc_malloc_header_is_tracked,0x113cdbb8,8,push %rbx,2,10611313,0.056082449806983736,entry_return
command,perry_runtime::gc::malloc::gc_malloc_header_is_tracked,0x113cdbba,10,"test %rdi,%rdi",1,5134629,0.027137317801292176,entry_return
command,perry_runtime::gc::malloc::gc_malloc_header_is_tracked,0x113cdbcd,29,"cmp $0x300,%r14d",17,88861387,0.4696463365284255,tls_resolution
command,perry_runtime::gc::malloc::gc_malloc_header_is_tracked,0x113cdbea,58,"cmpq $0x0,0x78(%rax)",1,5174914,0.027350230330634617,tls_resolution
command,perry_runtime::gc::malloc::gc_malloc_header_is_tracked,0x113cdbef,63,je 113cdcd8 <_RNvNtNtCscI5nJwKNRh4_13perry_runtime2gc6malloc27gc_malloc_header_is_tracked+0x128>,6,31518972,0.16658269953564894,tls_resolution
command,perry_runtime::gc::malloc::gc_malloc_header_is_tracked,0x113cdbf5,69,"mov 0x1e8(%rax,%r14,8),%r14",3,15084956,0.07972635315823387,tls_resolution
command,perry_runtime::gc::malloc::gc_malloc_header_is_tracked,0x113cdc00,80,je 113cdcf8 <_RNvNtNtCscI5nJwKNRh4_13perry_runtime2gc6malloc27gc_malloc_header_is_tracked+0x148>,2,10525861,0.055630822614297366,tls_resolution
command,perry_runtime::gc::malloc::gc_malloc_header_is_tracked,0x113cdc0a,90,jne 113cdd12 <_RNvNtNtCscI5nJwKNRh4_13perry_runtime2gc6malloc27gc_malloc_header_is_tracked+0x162>,23,120799109,0.6384421953457463,borrow_and_ensure_dispatch
command,perry_runtime::gc::malloc::gc_malloc_header_is_tracked,0x113cdc20,112,"cmpq $0x0,0x38(%r14)",4,20784121,0.10984733206576572,hash_lookup
command,perry_runtime::gc::malloc::gc_malloc_header_is_tracked,0x113cdc25,117,je 113cdcc4 <_RNvNtNtCscI5nJwKNRh4_13perry_runtime2gc6malloc27gc_malloc_header_is_tracked+0x114>,9,47456464,0.25081483887026335,hash_lookup
command,perry_runtime::gc::malloc::gc_malloc_header_is_tracked,0x113cdc2b,123,"movabs $0x9e3779b97f4a7c15,%rax",1,5277337,0.027891551914172932,hash_lookup
command,perry_runtime::gc::malloc::gc_malloc_header_is_tracked,0x113cdc47,151,"mov 0x20(%r14),%rdx",1,5250138,0.027747800942705014,hash_lookup
command,perry_runtime::gc::malloc::gc_malloc_header_is_tracked,0x113cdc4b,155,"mov 0x28(%r14),%rsi",1,5168077,0.027314095715688255,hash_lookup
command,perry_runtime::gc::malloc::gc_malloc_header_is_tracked,0x113cdc4f,159,"movd %eax,%xmm0",8,41184330,0.21766562913178175,hash_lookup
command,perry_runtime::gc::malloc::gc_malloc_header_is_tracked,0x113cdc67,183,"and %rsi,%rcx",1,4881553,0.025799771536531894,hash_lookup
command,perry_runtime::gc::malloc::gc_malloc_header_is_tracked,0x113cdc6f,191,"movdqa %xmm2,%xmm3",8,41304436,0.2183004081375954,hash_lookup
command,perry_runtime::gc::malloc::gc_malloc_header_is_tracked,0x113cdc73,195,"pcmpeqb %xmm0,%xmm3",9,47061244,0.24872603932088463,hash_lookup
command,perry_runtime::gc::malloc::gc_malloc_header_is_tracked,0x113cdc77,199,"pmovmskb %xmm3,%r8d",6,31380092,0.16584869700182547,hash_lookup
command,perry_runtime::gc::malloc::gc_malloc_header_is_tracked,0x113cdc7f,207,je 113cdcab <_RNvNtNtCscI5nJwKNRh4_13perry_runtime2gc6malloc27gc_malloc_header_is_tracked+0xfb>,15,78196043,0.4132783244309391,hash_lookup
command,perry_runtime::gc::malloc::gc_malloc_header_is_tracked,0x113cdcaf,255,"pmovmskb %xmm2,%eax",1,5270468,0.027855248174218774,hash_lookup
command,perry_runtime::gc::malloc::gc_malloc_header_is_tracked,0x113cdcb5,261,jne 113cdcc4 <_RNvNtNtCscI5nJwKNRh4_13perry_runtime2gc6malloc27gc_malloc_header_is_tracked+0x114>,4,21075998,0.11138994768763201,hash_lookup
command,perry_runtime::gc::malloc::gc_malloc_header_is_tracked,0x113cdcc6,278,incq (%r14),3,15862847,0.08383762882815374,borrow_and_ensure_dispatch
command,perry_runtime::gc::malloc::gc_malloc_header_is_tracked,0x113cdcc9,281,jmp 113cdccd <_RNvNtNtCscI5nJwKNRh4_13perry_runtime2gc6malloc27gc_malloc_header_is_tracked+0x11d>,14,73456664,0.3882299647337204,borrow_and_ensure_dispatch
command,perry_runtime::gc::malloc::gc_malloc_header_is_tracked,0x113cdcd6,294,pop %rbp,1,5289197,0.02795423387018637,entry_return
command,perry_runtime::gc::malloc::gc_malloc_header_is_tracked,0x113cdcd7,295,ret ,4,21006982,0.11102518732707355,entry_return
startup,js_native_call_method,0x1185824a,26,"mov %rsi,%r8",1,4633233,0.03132914207858485,
startup,js_native_call_method,0x11858dec,3004,"mov %r14,0x8(%rcx,%r15,8)",1,5227753,0.03534918630009503,
startup,js_native_call_method,0x11858e78,3144,"test %rax,%rax",1,3046850,0.020602287116174872,
startup,js_native_call_method,0x11858f0e,3294,"movabs $0x7fffffffffffffff,%rdx",2,10534029,0.07122933191595007,
startup,js_native_call_method,0x1185901e,3566,seta %al,1,36682228,0.2480390545373055,
startup,js_native_call_method,0x118593d1,4513,jae 1185b714 <js_native_call_method+0x34e4>,1,5576773,0.037709200823057225,
startup,js_native_call_method,0x11859555,4901,"mov (%rax),%rcx",1,5212187,0.03524393162682579,
startup,js_native_call_method,0x118598d1,5793,"movabs $0x7fffffffffffffff,%rdx",1,4505078,0.030462579528615738,
startup,js_native_call_method,0x11859910,5856,"lea -0x3(%r8),%r13",1,4995919,0.03378156379446092,
startup,js_native_call_method,0x1185a96c,10044,"mov %rdx,(%rcx)",1,5232799,0.03538330650318616,
startup,js_native_call_method,0x1185aa33,10243,"mov %rax,%rdx",1,5101467,0.03449526161369653,
startup,js_native_call_method,0x1185ac03,10707,"mov -0x40(%rbp),%rbx",1,5261669,0.03557852058626999,
startup,js_native_call_method,0x1185ac21,10737,jae 1185b714 <js_native_call_method+0x34e4>,1,5328089,0.03602764145216636,
startup,js_native_call_method,0x1185b17d,12109,jae 1185b714 <js_native_call_method+0x34e4>,1,5181769,0.03503825022816823,
startup,js_native_call_method,0x1185b1f0,12224,"test $0x1,%al",1,4956364,0.0335140995389576,
startup,js_native_call_method,0x1185b275,12357,"cmp $0x1,%rax",1,5306698,0.03588299910886029,
startup,js_object_get_field_by_name,0x1188ae20,0,push %rbp,2,10520756,0.07113958212292022,
startup,js_object_get_field_by_name,0x1188ae21,1,"mov %rsp,%rbp",3,28607601,0.1934397851902691,
startup,js_object_get_field_by_name,0x1188ae34,20,"mov %rsi,%r12",2,9903751,0.066967498114152,
startup,js_object_get_field_by_name,0x1188ae6c,76,"lea -0x35910(%rax),%rax",1,5323907,0.03599936347172103,
startup,js_object_get_field_by_name,0x1188ae9f,127,"shr $0x22,%rdx",1,5279155,0.035696757976529915,
startup,js_object_get_field_by_name,0x1188aefc,220,"and $0x3f,%edx",2,10114755,0.06839427166410075,
startup,js_object_get_field_by_name,0x1188af06,230,"lea -0x1000(%r12),%rax",1,8463585,0.05722933790706826,
startup,js_object_get_field_by_name,0x1188af5d,317,"mov %r12,-0x30(%rbp)",1,4281756,0.028952513734973647,
startup,js_object_get_field_by_name,0x1188af93,371,"movabs $0xffff000000000000,%rcx",1,5263393,0.03559017798423454,
startup,js_object_get_field_by_name,0x1188b033,531,je 1188e184 <js_object_get_field_by_name+0x3364>,1,10782486,0.07290935635103006,
startup,js_object_get_field_by_name,0x1188b055,565,"mov %rax,%rcx",1,5064267,0.034243721472002095,
startup,js_object_get_field_by_name,0x1188b0f1,721,jb 1188b105 <js_object_get_field_by_name+0x2e5>,2,10366035,0.0700933847502561,
startup,js_object_get_field_by_name,0x1188b13a,794,jb 1188b620 <js_object_get_field_by_name+0x800>,1,5203809,0.035187281000290414,
startup,js_object_get_field_by_name,0x1188b2d1,1201,"testb $0x10,-0x7(%rax)",1,5238287,0.03542041543591786,
startup,js_object_get_field_by_name,0x1188b2d5,1205,je 1188b620 <js_object_get_field_by_name+0x800>,1,5246583,0.035476511592248426,
startup,js_object_get_field_by_name,0x1188b2ed,1229,"mov %r13,%rsi",1,5242975,0.03545211490323677,
startup,js_object_get_field_by_name,0x1188b343,1315,je 1188b3dc <js_object_get_field_by_name+0x5bc>,1,5035731,0.0340507658407281,
startup,js_object_get_field_by_name,0x1188b416,1526,"testb $0x9,-0x5(%r14)",1,4701985,0.03179403153615948,
startup,js_object_get_field_by_name,0x1188b527,1799,jne 1188b5f0 <js_object_get_field_by_name+0x7d0>,1,5347508,0.036158949463229915,
startup,js_object_get_field_by_name,0x1188b643,2083,"mov %r12,%rbx",1,4984000,0.03370096952164221,
startup,js_object_get_field_by_name,0x1188b700,2272,"cmp $0x1000,%r14",1,5218115,0.03528401576553452,
startup,js_object_get_field_by_name,0x1188bab3,3219,"mov %r12,%rcx",1,5347934,0.03616183000356222,
startup,js_object_get_field_by_name,0x1188bbbb,3483,"lea 0xffd9(%rdx),%eax",1,5290552,0.03577382257316678,
startup,js_object_get_field_by_name,0x1188bc85,3685,"mov -0x30(%rbp),%rsi",1,5164515,0.03492158158287802,
startup,js_object_get_field_by_name,0x1188c1f6,5078,"mov -0x48(%rbp),%r15",1,3332157,0.02253148505183121,
startup,js_object_get_field_by_name,0x1188c203,5091,"cmp $0x7,%r15",1,5166587,0.03493559209829712,
startup,js_object_get_field_by_name,0x1188c213,5107,jne 1188c340 <js_object_get_field_by_name+0x1520>,1,5210215,0.03523059729458328,
startup,js_object_get_field_by_name,0x1188c21f,5119,jne 1188c340 <js_object_get_field_by_name+0x1520>,1,5319422,0.03596903665625061,
startup,js_object_get_field_by_name,0x1188c34f,5423,je 1188c3f0 <js_object_get_field_by_name+0x15d0>,1,5211533,0.03523950938885084,
startup,js_object_get_field_by_name,0x1188cd10,7920,"test %r14,%r14",1,5222959,0.03531677007860892,
startup,js_object_get_field_by_name,0x1188cd22,7938,je 1188d62f <js_object_get_field_by_name+0x280f>,1,5193228,0.035115734058374586,
startup,js_object_get_field_by_name,0x1188cd28,7944,"mov %r14,%rax",1,5209731,0.03522732456800855,
startup,js_object_get_field_by_name,0x1188cd38,7960,"movabs $0x7ff9000000000000,%rcx",1,5102382,0.034501448689762404,
startup,js_object_get_field_by_name,0x1188cde8,8136,"mov %rax,%rcx",2,10097174,0.06827539189982307,
startup,js_object_get_field_by_name,0x1188cdeb,8139,"shr $0x36,%rcx",1,5324445,0.03600300133721113,
startup,js_object_get_field_by_name,0x1188ce01,8161,"bt %rcx,%rdx",1,5343352,0.0361308472904105,
startup,js_object_get_field_by_name,0x1188ce12,8178,"mov %rax,%rdx",1,5326437,0.036016470906088956,
startup,js_object_get_field_by_name,0x1188cec1,8353,"test %r12d,%r12d",2,10337627,0.06990129463344816,
startup,js_object_get_field_by_name,0x1188cf1e,8446,"cmp %rax,%rbx",1,4736172,0.032025198278743026,
startup,js_object_get_field_by_name,0x1188cf82,8546,jne 1188d35b <js_object_get_field_by_name+0x253b>,1,5280078,0.03570299914724991,
startup,js_object_get_field_by_name,0x1188d415,9717,jne 1188d530 <js_object_get_field_by_name+0x2710>,1,5006422,0.033852583313499,
startup,js_object_get_field_by_name,0x1188d8bd,10909,"lea -0x1(%r14),%rax",1,5251675,0.035510942839600795,
startup,js_object_get_field_by_name,0x1188d983,11107,"cmpq $0x0,-0x40(%rbp)",3,14764994,0.09983840545369785,
startup,js_object_get_field_by_name,0x1188e826,14854,"cmp %ebx,%edx",1,5202016,0.03517515703593401,
startup,perry_runtime::buffer::header::is_registered_buffer,0x1150edd1,1,"mov %rsp,%rbp",1,5003768,0.033834637411992094,
startup,perry_runtime::buffer::header::is_registered_buffer,0x1150edd6,6,push %r14,1,5218177,0.03528443499910401,
startup,perry_runtime::buffer::header::is_registered_buffer,0x1150edda,10,push %rbx,1,5282764,0.03572116142737333,
startup,perry_runtime::buffer::header::is_registered_buffer,0x1150ede2,18,"movzbl (%rax),%eax",2,10290328,0.06958146675274908,
startup,perry_runtime::buffer::header::is_registered_buffer,0x1150edf4,36,"mov (%r14),%rax",1,4670150,0.03157876862188952,
startup,perry_runtime::buffer::header::is_registered_buffer,0x1150edf7,39,"cmp %rax,%rdi",1,4603765,0.031129884420104965,
startup,perry_runtime::buffer::header::is_registered_buffer,0x1150ee00,48,"cmp %rax,%rdi",2,9403939,0.06358785345553422,
startup,perry_runtime::buffer::header::is_registered_buffer,0x1150ee12,66,"test %eax,%eax",2,10378176,0.07017548014972685,
startup,perry_runtime::buffer::header::is_registered_buffer,0x1150ee25,85,"test %eax,%eax",1,5122940,0.034640458427207414,
startup,perry_runtime::buffer::header::is_registered_buffer,0x1150ee54,132,"shr $0x36,%rcx",1,5329517,0.036037297347928175,
startup,perry_runtime::buffer::header::is_registered_buffer,0x1150ee58,136,"mov %rax,%rsi",1,4857732,0.0328471665482155,
startup,perry_runtime::buffer::header::is_registered_buffer,0x1150ee6a,154,"bt %rcx,%rsi",2,10395266,0.07029103985460745,
startup,perry_runtime::buffer::header::is_registered_buffer,0x1150eef1,289,"movzbl (%r12),%eax",1,5224335,0.035326074359118914,
startup,perry_runtime::buffer::header::is_registered_buffer,0x1150eef6,294,"test %al,%al",1,5061607,0.034225734999504584,
startup,perry_runtime::buffer::header::is_registered_buffer,0x1150efeb,539,pop %rbx,2,10587712,0.07159232733064316,
startup,perry_runtime::buffer::header::is_registered_buffer,0x1150efec,540,pop %r12,1,5215660,0.035267415468549036,
startup,perry_runtime::closure::dynamic_props::is_closure_ptr,0x115933c0,0,push %rbp,4,19745357,0.1335147821932072,
startup,perry_runtime::closure::dynamic_props::is_closure_ptr,0x115933c1,1,"mov %rsp,%rbp",2,10535380,0.07123846715066591,
startup,perry_runtime::closure::dynamic_props::is_closure_ptr,0x115933ec,44,"shr $0x36,%rdx",3,15889931,0.10744504019502363,
startup,perry_runtime::closure::dynamic_props::is_closure_ptr,0x11593402,66,"bt %rdx,%rsi",4,20534013,0.1388475413864376,
startup,perry_runtime::closure::dynamic_props::is_closure_ptr,0x1159348a,202,jne 11593600 <_RNvNtNtCscI5nJwKNRh4_13perry_runtime7closure13dynamic_props14is_closure_ptr+0x240>,4,20599970,0.1392935315242263,
startup,perry_runtime::closure::dynamic_props::is_closure_ptr,0x11593497,215,jne 11593600 <_RNvNtNtCscI5nJwKNRh4_13perry_runtime7closure13dynamic_props14is_closure_ptr+0x240>,1,5292270,0.035785439400140735,
startup,perry_runtime::closure::dynamic_props::is_closure_ptr,0x115934c9,265,"cmpb $0x2,(%rax)",1,5167365,0.034940852803411054,
startup,perry_runtime::closure::dynamic_props::is_closure_ptr,0x11593512,338,"cmp 0x10(%rax),%r8",1,5202683,0.035179667177721925,
startup,perry_runtime::closure::dynamic_props::is_closure_ptr,0x11593520,352,"cmp 0x8(%rcx),%rdx",1,4933667,0.03336062624336516,
startup,perry_runtime::closure::dynamic_props::is_closure_ptr,0x11593602,578,pop %rbx,1,5169818,0.034957439576733,
startup,perry_runtime::gc::malloc::gc_malloc_header_is_tracked,0x113cdc0a,90,jne 113cdd12 <_RNvNtNtCscI5nJwKNRh4_13perry_runtime2gc6malloc27gc_malloc_header_is_tracked+0x162>,1,10892506,0.07365329308192313,borrow_and_ensure_dispatch
startup,perry_runtime::gc::malloc::gc_malloc_header_is_tracked,0x113cdc6f,191,"movdqa %xmm2,%xmm3",1,5327802,0.03602570080644952,hash_lookup
